sales_date,sku_id,product_name,daily_quantity,rolling_mean_7,spike_ratio,severity,reason,anomaly_type
2025-01-28,	-,【官方直播】WebberNaturals伟博深海鱼油1390mg高纯度Omega3 120粒-1瓶装,10,1.7142857142857142,5.833333333333334,High,Campaign-driven sales spike: Sales are 5.83x higher than the 7-day average.,CAMPAIGN_SPIKE
2025-01-29,	-,【官方直播】WebberNaturals伟博深海鱼油1390mg高纯度Omega3 120粒-3瓶装,5,1.1428571428571428,4.375,Medium,Campaign-driven sales spike: Sales are 4.38x higher than the 7-day average.,CAMPAIGN_SPIKE
2025-01-31,	-,【官方直播】WebberNaturals伟博深海鱼油1390mg高纯度Omega3 120粒-5瓶装,5,1.4285714285714286,3.5,Medium,Campaign-driven sales spike: Sales are 3.5x higher than the 7-day average.,CAMPAIGN_SPIKE
2025-04-04,	-,Webber Naturals伟博维生素C1000毫克150粒/瓶（效期至25年9月）-1瓶装,13,3.142857142857143,4.136363636363637,Medium,Campaign-driven sales spike: Sales are 4.14x higher than the 7-day average.,CAMPAIGN_SPIKE
2025-05-01,	-,【官方直播】WebberNaturals伟博深海鱼油1390mg高纯度Omega3 120粒-1瓶装,6,1.8571428571428572,3.230769230769231,Medium,Campaign-driven sales spike: Sales are 3.23x higher than the 7-day average.,CAMPAIGN_SPIKE
2025-05-02,	-,【官方直播】WebberNaturals伟博深海鱼油1390mg高纯度Omega3 120粒-1瓶装,8,1.4285714285714286,5.6,High,Campaign-driven sales spike: Sales are 5.6x higher than the 7-day average.,CAMPAIGN_SPIKE
2025-10-01,	-,【官方直播】WebberNaturals伟博深海鱼油1100mg高纯度Omega3 120粒-一瓶装【4个月的量】-(625273090086*1),14,3.857142857142857,3.6296296296296298,Medium,Campaign-driven sales spike: Sales are 3.63x higher than the 7-day average.,CAMPAIGN_SPIKE
2025-10-01,	-,【免疫力】进口500mg维生素C缓释胶囊60粒 效期到2026-06-30-3瓶装-(625273076622*3),14,3.857142857142857,3.6296296296296298,Medium,Campaign-driven sales spike: Sales are 3.63x higher than the 7-day average.,CAMPAIGN_SPIKE
2025-10-02,	-,【官方直播】WebberNaturals伟博深海鱼油1100mg高纯度Omega3 120粒-一瓶装【4个月的量】-(625273090086*1),10,2.5714285714285716,3.8888888888888884,Medium,Campaign-driven sales spike: Sales are 3.89x higher than the 7-day average.,CAMPAIGN_SPIKE
2025-10-03,	-,【官方直播】WebberNaturals伟博深海鱼油1100mg高纯度Omega3 120粒-一瓶装【4个月的量】-(625273090086*1),12,2.4285714285714284,4.9411764705882355,Medium,Campaign-driven sales spike: Sales are 4.94x higher than the 7-day average.,CAMPAIGN_SPIKE
2025-10-03,	-,【美彤专属】【成人拍】WebberNaturals高纯度深海鱼油omega3成人健身鱼油120粒-【成人拍】1瓶装（送一瓶40mg叶黄素）-(625273090086*1+625273070255*1),338,3.4285714285714284,98.58333333333334,High,Campaign-driven sales spike: Sales are 98.58x higher than the 7-day average.,CAMPAIGN_SPIKE
2025-10-06,	-,【官方直播】WebberNaturals伟博深海鱼油1100mg高纯度Omega3 120粒-一瓶装【4个月的量】-(625273090086*1),8,2.142857142857143,3.7333333333333334,Medium,Campaign-driven sales spike: Sales are 3.73x higher than the 7-day average.,CAMPAIGN_SPIKE
2025-10-24,	-,【官方直播】WebberNaturals伟博深海鱼油1100mg高纯度Omega3 120粒-一瓶装【4个月的量】-(625273090086*1),12,1.7142857142857142,7.0,High,Campaign-driven sales spike: Sales are 7.0x higher than the 7-day average.,CAMPAIGN_SPIKE
2025-10-25,	-,【免疫力】进口500mg维生素C缓释胶囊60粒 效期到2026-06-30-3瓶装-(625273076622*3),36,3.142857142857143,11.454545454545455,High,Campaign-driven sales spike: Sales are 11.45x higher than the 7-day average.,CAMPAIGN_SPIKE
2025-10-26,	-,伟博加拿大进口99%纯度1100mg成人omega3深海鱼油心血管养护120粒-一瓶装（体验装）-(625273090086*1),5,1.4285714285714286,3.5,Medium,Campaign-driven sales spike: Sales are 3.5x higher than the 7-day average.,CAMPAIGN_SPIKE
2025-10-26,	-,【免疫力】进口500mg维生素C缓释胶囊60粒 效期到2026-06-30-3瓶装-(625273076622*3),14,2.142857142857143,6.533333333333333,High,Campaign-driven sales spike: Sales are 6.53x higher than the 7-day average.,CAMPAIGN_SPIKE
2025-10-29,	-,伟博加拿大进口99%纯度1100mg成人omega3深海鱼油心血管养护120粒-一瓶装（体验装）-(625273090086*1),15,1.5714285714285714,9.545454545454545,High,Campaign-driven sales spike: Sales are 9.55x higher than the 7-day average.,CAMPAIGN_SPIKE
2025-10-30,	-,伟博加拿大进口99%纯度1100mg成人omega3深海鱼油心血管养护120粒-一瓶装（体验装）-(625273090086*1),10,3.142857142857143,3.181818181818182,Medium,Campaign-driven sales spike: Sales are 3.18x higher than the 7-day average.,CAMPAIGN_SPIKE
2025-10-31,	-,【官方直播】加拿大伟博儿童鱼油高脑力DHA无腥可嚼软胶囊120粒/瓶-1瓶装-(625273090185*1),7,1.0,7.0,High,Campaign-driven sales spike: Sales are 7.0x higher than the 7-day average.,CAMPAIGN_SPIKE
2025-10-31,	-,伟博加拿大进口99%纯度1100mg成人omega3深海鱼油心血管养护120粒-一瓶装（体验装）-(625273090086*1),7,2.2857142857142856,3.0625,Medium,Campaign-driven sales spike: Sales are 3.06x higher than the 7-day average.,CAMPAIGN_SPIKE
2025-11-03,	-,伟博加拿大进口99%纯度1100mg成人omega3深海鱼油心血管养护120粒-一瓶装（体验装）-(625273090086*1),13,1.7142857142857142,7.583333333333334,High,Campaign-driven sales spike: Sales are 7.58x higher than the 7-day average.,CAMPAIGN_SPIKE
2025-11-04,	-,伟博加拿大进口99%纯度1100mg成人omega3深海鱼油心血管养护120粒-两瓶装（1个周期）【送一瓶价值149的60粒100mg辅酶Q10】-(625273090086*2+628347570705*1),5,1.4285714285714286,3.5,Medium,Campaign-driven sales spike: Sales are 3.5x higher than the 7-day average.,CAMPAIGN_SPIKE
2025-11-05,	-,伟博加拿大进口99%纯度1100mg成人omega3深海鱼油心血管养护120粒-一瓶装（体验装）-(625273090086*1),8,1.5714285714285714,5.090909090909091,High,Campaign-driven sales spike: Sales are 5.09x higher than the 7-day average.,CAMPAIGN_SPIKE
2025-11-05,	-,【官方直播】加拿大伟博儿童鱼油高脑力DHA无腥可嚼软胶囊120粒/瓶-1瓶装-(625273090185*1),9,2.5714285714285716,3.4999999999999996,Medium,Campaign-driven sales spike: Sales are 3.5x higher than the 7-day average.,CAMPAIGN_SPIKE
2025-01-29,	7054785415521419523,伟博天然儿童鱼油150mg高DHA香橙味omega3IVO认证脑黄金120粒6岁+-默认-(DYWEB625273033496),14,4.571428571428571,3.0625,Medium,Campaign-driven sales spike: Sales are 3.06x higher than the 7-day average.,CAMPAIGN_SPIKE
2025-10-27,	7054785415630438688,【官方直播】WebberNaturals伟博深海鱼油1100mg高纯度Omega3 120粒-两瓶装【8个月的量】-(625273090086*2);WEBBER NATURALS高浓缩肉桂精华植物维稳糖值150mg呵护健康60粒-默认-(DYWEB625273034370),8,1.4285714285714286,5.6,High,Campaign-driven sales spike: Sales are 5.6x higher than the 7-day average.,CAMPAIGN_SPIKE
2025-11-04,	7054785415630438688,【官方直播】WebberNaturals伟博深海鱼油1100mg高纯度Omega3 120粒-两瓶装【8个月的量】-(625273090086*2);WEBBER NATURALS高浓缩肉桂精华植物维稳糖值150mg呵护健康60粒-默认-(DYWEB625273034370),10,3.2857142857142856,3.0434782608695654,Medium,Campaign-driven sales spike: Sales are 3.04x higher than the 7-day average.,CAMPAIGN_SPIKE
2025-10-26,	7054785415630536992,【官方直播】WebberNaturals伟博深海鱼油1100mg高纯度Omega3 120粒-两瓶装【8个月的量】-(625273090086*2);WEBBER NATURALS奶蓟草护肝片姜黄硫辛酸熬夜加班养护65粒护肝片-默认-(DYWEB625273034523),22,3.2857142857142856,6.695652173913044,High,Campaign-driven sales spike: Sales are 6.7x higher than the 7-day average.,CAMPAIGN_SPIKE
2025-10-27,	7054785415630536992,【官方直播】WebberNaturals伟博深海鱼油1100mg高纯度Omega3 120粒-两瓶装【8个月的量】-(625273090086*2);WEBBER NATURALS奶蓟草护肝片姜黄硫辛酸熬夜加班养护65粒护肝片-默认-(DYWEB625273034523),18,5.857142857142857,3.073170731707317,Medium,Campaign-driven sales spike: Sales are 3.07x higher than the 7-day average.,CAMPAIGN_SPIKE
2025-10-30,	7054785415630536992,【官方直播】WebberNaturals伟博深海鱼油1100mg高纯度Omega3 120粒-两瓶装【8个月的量】-(625273090086*2);WEBBER NATURALS奶蓟草护肝片姜黄硫辛酸熬夜加班养护65粒护肝片-默认-(DYWEB625273034523),24,4.0,6.0,High,Campaign-driven sales spike: Sales are 6.0x higher than the 7-day average.,CAMPAIGN_SPIKE
2025-10-27,	7081192833746780446,WEBBER NATURALS心脏辅酶Q10天然发酵胶囊100mg呵护心肌健康60粒-默认-(DYWEB625273038552),8,1.4285714285714286,5.6,High,Campaign-driven sales spike: Sales are 5.6x higher than the 7-day average.,CAMPAIGN_SPIKE
2025-10-01,	7081274294365618467,WEBBER NATURALS硫酸氨糖骨关节灵15种草本营养配方OSTEO 80粒/瓶-默认-(DYWEB625273033755),5,1.2857142857142858,3.8888888888888884,Medium,Campaign-driven sales spike: Sales are 3.89x higher than the 7-day average.,CAMPAIGN_SPIKE
2025-01-30,	7086274688812433667, webber naturals伟博胶原蛋白与神经酰胺生物活性胶原肽120片/瓶-默认-(DYWEB625273036695),11,2.7142857142857144,4.052631578947368,Medium,Campaign-driven sales spike: Sales are 4.05x higher than the 7-day average.,CAMPAIGN_SPIKE
2025-10-06,	7086274688812433667,WEBBER NATURALS伟博胶原蛋白与神经酰胺生物活性胶原肽120片/瓶-默认-(DYWEB625273036695),9,2.7142857142857144,3.31578947368421,Medium,Campaign-driven sales spike: Sales are 3.32x higher than the 7-day average.,CAMPAIGN_SPIKE
2025-10-25,	7086274688812433667;7481121574674874687,WEBBER NATURALS伟博胶原蛋白与神经酰胺生物活性胶原肽120片/瓶-默认-(DYWEB625273036695);伟博天然辅酶Q10胶囊100mg 成人心脏活力60粒 效期至26年5月30日-默认-(DYWEB628347570705),10,2.4285714285714284,4.11764705882353,Medium,Campaign-driven sales spike: Sales are 4.12x higher than the 7-day average.,CAMPAIGN_SPIKE
2025-01-01,	7124611154185519400,Webber naturals伟博深海鱼油500mgOmega3+D3青少年补脑 100粒/瓶-默认-(DYWEB625273090291),33,9.142857142857142,3.609375,Medium,Campaign-driven sales spike: Sales are 3.61x higher than the 7-day average.,CAMPAIGN_SPIKE
2025-10-25,	7146569951686672673,WEBBER NATURALS高纯度深海鱼油omega3欧米伽3成人健身鱼油120粒-默认-(DYWEB625273090086),49,9.714285714285714,5.044117647058824,High,Campaign-driven sales spike: Sales are 5.04x higher than the 7-day average.,CAMPAIGN_SPIKE
2025-10-24,	7146569951686672673;7481121574674874687,WEBBER NATURALS高纯度深海鱼油omega3欧米伽3成人健身鱼油120粒-默认-(DYWEB625273090086);伟博天然辅酶Q10胶囊100mg 成人心脏活力60粒 效期至26年5月30日-默认-(DYWEB628347570705),60,17.0,3.5294117647058822,Medium,Campaign-driven sales spike: Sales are 3.53x higher than the 7-day average.,CAMPAIGN_SPIKE
2025-10-25,	7146569951686672673;7481121574674874687,WEBBER NATURALS高纯度深海鱼油omega3欧米伽3成人健身鱼油120粒-默认-(DYWEB625273090086);伟博天然辅酶Q10胶囊100mg 成人心脏活力60粒 效期至26年5月30日-默认-(DYWEB628347570705),119,22.571428571428573,5.272151898734177,High,Campaign-driven sales spike: Sales are 5.27x higher than the 7-day average.,CAMPAIGN_SPIKE
2025-11-03,	7146569951686672673;7481121574674874687,WEBBER NATURALS高纯度深海鱼油omega3欧米伽3成人健身鱼油120粒-默认-(DYWEB625273090086);伟博天然辅酶Q10胶囊100mg 成人心脏活力60粒 效期至26年5月30日-默认-(DYWEB628347570705),89,27.428571428571427,3.244791666666667,Medium,Campaign-driven sales spike: Sales are 3.24x higher than the 7-day average.,CAMPAIGN_SPIKE
2025-10-24,	7220679778930622735,WEBBER NATURALS伟博加拿大伟博天然安睡宝 茶氨酸褪黑素45粒/瓶-默认-(DYWEB625273090338),5,1.4285714285714286,3.5,Medium,Campaign-driven sales spike: Sales are 3.5x higher than the 7-day average.,CAMPAIGN_SPIKE
2025-10-02,	7295616354202386723,WEBBER NATURALS南非醉茄KSM66 7200mg降低皮质醇缓压促睡眠120粒-默认-(625273071597),6,2.0,3.0,Medium,Campaign-driven sales spike: Sales are 3.0x higher than the 7-day average.,CAMPAIGN_SPIKE
2025-10-28,	7295616354202386723;7054785415630536992,WEBBER NATURALS南非醉茄KSM66 7200mg降低皮质醇缓压促睡眠120粒-默认-(625273071597);WEBBER NATURALS奶蓟草护肝片姜黄硫辛酸熬夜加班养护65粒护肝片-默认-(DYWEB625273034523),8,2.0,4.0,Medium,Campaign-driven sales spike: Sales are 4.0x higher than the 7-day average.,CAMPAIGN_SPIKE
2025-11-04,	7295616354202386723;7481121574674874687,WEBBER NATURALS南非醉茄KSM66 7200mg降低皮质醇缓压促睡眠120粒-默认-(625273071597);伟博天然辅酶Q10胶囊100mg 成人心脏活力60粒 效期至26年5月30日-默认-(DYWEB628347570705),6,2.0,3.0,Medium,Campaign-driven sales spike: Sales are 3.0x higher than the 7-day average.,CAMPAIGN_SPIKE
2025-11-03,	7448836024085741839,Webber Naturals伟博天然阳光小金盾小颗粒深海儿童鱼油+D3 60粒-默认-(DYWEB625273071634),26,7.285714285714286,3.5686274509803924,Medium,Campaign-driven sales spike: Sales are 3.57x higher than the 7-day average.,CAMPAIGN_SPIKE
2025-10-25,	7481121574674874687,【官方直播】WebberNaturals伟博深海鱼油1100mg高纯度Omega3 120粒-一瓶装【4个月的量】-(625273090086*1);伟博天然辅酶Q10胶囊100mg 成人心脏活力60粒 效期至26年5月30日-默认-(DYWEB628347570705),18,3.5714285714285716,5.04,High,Campaign-driven sales spike: Sales are 5.04x higher than the 7-day average.,CAMPAIGN_SPIKE
2025-10-26,	7481121574674874687,【官方直播】WebberNaturals伟博深海鱼油1100mg高纯度Omega3 120粒-一瓶装【4个月的量】-(625273090086*1);伟博天然辅酶Q10胶囊100mg 成人心脏活力60粒 效期至26年5月30日-默认-(DYWEB628347570705),54,4.571428571428571,11.8125,High,Campaign-driven sales spike: Sales are 11.81x higher than the 7-day average.,CAMPAIGN_SPIKE
2025-10-29,	7481121574674874687,【官方直播】WebberNaturals伟博深海鱼油1100mg高纯度Omega3 120粒-一瓶装【4个月的量】-(625273090086*1);伟博天然辅酶Q10胶囊100mg 成人心脏活力60粒 效期至26年5月30日-默认-(DYWEB628347570705),30,7.428571428571429,4.038461538461538,Medium,Campaign-driven sales spike: Sales are 4.04x higher than the 7-day average.,CAMPAIGN_SPIKE
2025-10-30,	7481121574674874687,【官方直播】WebberNaturals伟博深海鱼油1100mg高纯度Omega3 120粒-一瓶装【4个月的量】-(625273090086*1);伟博天然辅酶Q10胶囊100mg 成人心脏活力60粒 效期至26年5月30日-默认-(DYWEB628347570705),42,10.571428571428571,3.9729729729729732,Medium,Campaign-driven sales spike: Sales are 3.97x higher than the 7-day average.,CAMPAIGN_SPIKE
2025-10-31,	7481121574674874687,【官方直播】WebberNaturals伟博深海鱼油1100mg高纯度Omega3 120粒-一瓶装【4个月的量】-(625273090086*1);伟博天然辅酶Q10胶囊100mg 成人心脏活力60粒 效期至26年5月30日-默认-(DYWEB628347570705),46,12.285714285714286,3.744186046511628,Medium,Campaign-driven sales spike: Sales are 3.74x higher than the 7-day average.,CAMPAIGN_SPIKE
2025-11-03,	7481121574674874687,【官方直播】WebberNaturals伟博深海鱼油1100mg高纯度Omega3 120粒-一瓶装【4个月的量】-(625273090086*1);伟博天然辅酶Q10胶囊100mg 成人心脏活力60粒 效期至26年5月30日-默认-(DYWEB628347570705),46,9.571428571428571,4.8059701492537314,Medium,Campaign-driven sales spike: Sales are 4.81x higher than the 7-day average.,CAMPAIGN_SPIKE
2025-11-04,	7481121574674874687,【官方直播】WebberNaturals伟博深海鱼油1100mg高纯度Omega3 120粒-一瓶装【4个月的量】-(625273090086*1);伟博天然辅酶Q10胶囊100mg 成人心脏活力60粒 效期至26年5月30日-默认-(DYWEB628347570705),42,10.142857142857142,4.140845070422535,Medium,Campaign-driven sales spike: Sales are 4.14x higher than the 7-day average.,CAMPAIGN_SPIKE
2025-10-24,	7503765776017555739,【官方直播】WebberNaturals伟博深海鱼油1100mg高纯度Omega3 120粒-一瓶装【4个月的量】-(625273090086*1);WEBBER NATURALS茶氨酸加纳籽褪黑素香蜂草草本5重配方安睡宝10粒-默认-(DYWEB990312500179),10,2.0,5.0,High,Campaign-driven sales spike: Sales are 5.0x higher than the 7-day average.,CAMPAIGN_SPIKE
2025-10-31,	7503765776017555739,【官方直播】WebberNaturals伟博深海鱼油1100mg高纯度Omega3 120粒-一瓶装【4个月的量】-(625273090086*1);WEBBER NATURALS茶氨酸加纳籽褪黑素香蜂草草本5重配方安睡宝10粒-默认-(DYWEB990312500179),20,5.714285714285714,3.5,Medium,Campaign-driven sales spike: Sales are 3.5x higher than the 7-day average.,CAMPAIGN_SPIKE
2025-11-05,	7503765776017555739,【官方直播】WebberNaturals伟博深海鱼油1100mg高纯度Omega3 120粒-一瓶装【4个月的量】-(625273090086*1);WEBBER NATURALS茶氨酸加纳籽褪黑素香蜂草草本5重配方安睡宝10粒-默认-(DYWEB990312500179),34,7.714285714285714,4.407407407407407,Medium,Campaign-driven sales spike: Sales are 4.41x higher than the 7-day average.,CAMPAIGN_SPIKE
2025-11-05,	7510043339572445477;7503765776017555739,WEBBER NATURALS3倍深海鱼油欧米伽3成人健身无鱼腥DNA鱼油200粒-默认-(625273072433);WEBBER NATURALS茶氨酸加纳籽褪黑素香蜂草草本5重配方安睡宝10粒-默认-(DYWEB990312500179),12,4.0,3.0,Medium,Campaign-driven sales spike: Sales are 3.0x higher than the 7-day average.,CAMPAIGN_SPIKE
2025-10-26,	7527938665289761070;7481121574674874687,WEBBER NATURALS伟博天然守护前列番茄红素南瓜籽油锯棕榈60粒/瓶-默认-(625273039344);伟博天然辅酶Q10胶囊100mg 成人心脏活力60粒 效期至26年5月30日-默认-(DYWEB628347570705),18,3.5714285714285716,5.04,High,Campaign-driven sales spike: Sales are 5.04x higher than the 7-day average.,CAMPAIGN_SPIKE
2025-11-07,7.054785415521419e+18,WEBBER NATURALS6岁+儿童鱼油高DHA香橙味欧米伽3眼脑同步120粒-默认-(DYWEB625273033496),30,6.857142857142857,4.375,Medium,Campaign-driven sales spike: Sales are 4.38x higher than the 7-day average.,CAMPAIGN_SPIKE
2025-11-11,7.054785415521419e+18,WEBBER NATURALS6岁+儿童鱼油高DHA香橙味欧米伽3眼脑同步120粒-默认-(DYWEB625273033496),25,7.714285714285714,3.2407407407407405,Medium,Campaign-driven sales spike: Sales are 3.24x higher than the 7-day average.,CAMPAIGN_SPIKE
2025-12-02,7.054785415521419e+18,WEBBER NATURALS6岁+儿童鱼油高DHA香橙味欧米伽3眼脑同步120粒-默认-(DYWEB625273033496),29,9.142857142857142,3.171875,Medium,Campaign-driven sales spike: Sales are 3.17x higher than the 7-day average.,CAMPAIGN_SPIKE
2025-12-10,7.054785415521419e+18,	【子豪专属】WEBBER NATURALS6岁+儿童鱼油高DHA香橙味欧米伽3眼脑同步120粒,6,1.8571428571428572,3.230769230769231,Medium,Campaign-driven sales spike: Sales are 3.23x higher than the 7-day average.,CAMPAIGN_SPIKE
2025-06-09,7.05478541552142e+18,Webber Naturals儿童鱼油150mg高DHA香橙味omega3脑黄金120粒6岁+-默认-(DYWEB625273033496),8,2.4285714285714284,3.294117647058824,Medium,Campaign-driven sales spike: Sales are 3.29x higher than the 7-day average.,CAMPAIGN_SPIKE
2025-10-27,7.054785415521436e+18,WEBBER NATURALS伟博天然进口钙镁维生素D3复合片200粒/瓶-默认-(DYWEB625273038668),5,1.4285714285714286,3.5,Medium,Campaign-driven sales spike: Sales are 3.5x higher than the 7-day average.,CAMPAIGN_SPIKE
2025-10-27,7.054785415630438e+18,WEBBER NATURALS高浓缩肉桂精华植物维稳糖值150mg呵护健康60粒-默认-(DYWEB625273034370),8,1.1428571428571428,7.0,High,Campaign-driven sales spike: Sales are 7.0x higher than the 7-day average.,CAMPAIGN_SPIKE
2025-11-14,7.054785415630471e+18,WEBBER NATURALS氨基葡萄糖软骨素添加D3双倍关节氨糖维骨力300粒-默认-(DYWEB625273052558),7,1.7142857142857142,4.083333333333334,Medium,Campaign-driven sales spike: Sales are 4.08x higher than the 7-day average.,CAMPAIGN_SPIKE
2025-12-03,7.054785415630504e+18,WEBBER NATURALS进口3倍浓缩Omega3深海鱼油100mg辅酶q10胶囊80粒-默认-(DYWEB625273033779),6,2.0,3.0,Medium,Campaign-driven sales spike: Sales are 3.0x higher than the 7-day average.,CAMPAIGN_SPIKE
2025-10-27,7.08119283374678e+18,WEBBER NATURALS心脏辅酶Q10天然发酵胶囊100mg呵护心肌健康60粒-默认-(DYWEB625273038552),8,1.4285714285714286,5.6,High,Campaign-driven sales spike: Sales are 5.6x higher than the 7-day average.,CAMPAIGN_SPIKE
2025-10-01,7.081274294365618e+18,WEBBER NATURALS硫酸氨糖骨关节灵15种草本营养配方OSTEO 80粒/瓶-默认-(DYWEB625273033755),5,1.1428571428571428,4.375,Medium,Campaign-driven sales spike: Sales are 4.38x higher than the 7-day average.,CAMPAIGN_SPIKE
2025-11-10,7.081540798906548e+18,WEBBER NATURALS天然大豆卵磷脂胶囊鱼油搭档1200mg 180粒/瓶-默认-(DYWEB625273079746),6,1.2857142857142858,4.666666666666666,Medium,Campaign-driven sales spike: Sales are 4.67x higher than the 7-day average.,CAMPAIGN_SPIKE
2025-06-09,7.085276593567991e+18,WebberNaturals伟博天然高含量叶黄素玉米黄素40mg中老年护眼60粒-默认-(DYWEB625273034561),8,2.5714285714285716,3.1111111111111107,Medium,Campaign-driven sales spike: Sales are 3.11x higher than the 7-day average.,CAMPAIGN_SPIKE
2025-01-30,7.086274688812433e+18, webber naturals伟博胶原蛋白与神经酰胺生物活性胶原肽120片/瓶-默认-(DYWEB625273036695),11,2.5714285714285716,4.277777777777778,Medium,Campaign-driven sales spike: Sales are 4.28x higher than the 7-day average.,CAMPAIGN_SPIKE
2025-10-06,7.086274688812433e+18,WEBBER NATURALS伟博胶原蛋白与神经酰胺生物活性胶原肽120片/瓶-默认-(DYWEB625273036695),9,2.7142857142857144,3.31578947368421,Medium,Campaign-driven sales spike: Sales are 3.32x higher than the 7-day average.,CAMPAIGN_SPIKE
2025-11-09,7.11003268465066e+18,WebberNaturals伟博天然500mg维生素C胶囊60粒-默认-(625273076622),16,3.4285714285714284,4.666666666666667,Medium,Campaign-driven sales spike: Sales are 4.67x higher than the 7-day average.,CAMPAIGN_SPIKE
2025-11-10,7.11003268465066e+18,WebberNaturals伟博天然500mg维生素C胶囊60粒-默认-(625273076622),20,5.285714285714286,3.7837837837837838,Medium,Campaign-driven sales spike: Sales are 3.78x higher than the 7-day average.,CAMPAIGN_SPIKE
2025-06-03,7.144930821143692e+18,伟博天然进口KSM66南非醉茄印度人参精华3600mg*120粒降低皮质醇-默认-(DYWEB625273052640),12,3.7142857142857144,3.230769230769231,Medium,Campaign-driven sales spike: Sales are 3.23x higher than the 7-day average.,CAMPAIGN_SPIKE
2025-06-10,7.144930821143692e+18,伟博天然进口KSM66南非醉茄印度人参精华3600mg*120粒降低皮质醇-默认-(DYWEB625273052640),8,2.0,4.0,Medium,Campaign-driven sales spike: Sales are 4.0x higher than the 7-day average.,CAMPAIGN_SPIKE
2025-10-25,7.146569951686672e+18,WEBBER NATURALS高纯度深海鱼油omega3欧米伽3成人健身鱼油120粒-默认-(DYWEB625273090086),123,24.142857142857142,5.094674556213018,High,Campaign-driven sales spike: Sales are 5.09x higher than the 7-day average.,CAMPAIGN_SPIKE
2025-11-14,7.146569951686672e+18,WEBBER NATURALS高纯度深海鱼油omega3欧米伽3成人健身鱼油120粒-默认-(DYWEB625273090086),65,17.142857142857142,3.791666666666667,Medium,Campaign-driven sales spike: Sales are 3.79x higher than the 7-day average.,CAMPAIGN_SPIKE
2025-10-24,7.220679778930622e+18,WEBBER NATURALS伟博加拿大伟博天然安睡宝 茶氨酸褪黑素45粒/瓶-默认-(DYWEB625273090338),5,1.5714285714285714,3.181818181818182,Medium,Campaign-driven sales spike: Sales are 3.18x higher than the 7-day average.,CAMPAIGN_SPIKE
2025-10-02,7.295616354202386e+18,WEBBER NATURALS南非醉茄KSM66 7200mg降低皮质醇缓压促睡眠120粒-默认-(625273071597),7,2.0,3.5,Medium,Campaign-driven sales spike: Sales are 3.5x higher than the 7-day average.,CAMPAIGN_SPIKE
2025-10-28,7.295616354202386e+18,WEBBER NATURALS南非醉茄KSM66 7200mg降低皮质醇缓压促睡眠120粒-默认-(625273071597),5,1.4285714285714286,3.5,Medium,Campaign-driven sales spike: Sales are 3.5x higher than the 7-day average.,CAMPAIGN_SPIKE
2025-11-03,7.448836024085742e+18,Webber Naturals伟博天然阳光小金盾小颗粒深海儿童鱼油+D3 60粒-默认-(DYWEB625273071634),26,7.285714285714286,3.5686274509803924,Medium,Campaign-driven sales spike: Sales are 3.57x higher than the 7-day average.,CAMPAIGN_SPIKE
2025-11-14,7.481121574674874e+18,伟博天然辅酶Q10胶囊100mg 成人心脏活力60粒 效期至26年5月30日-默认-(DYWEB628347570705),23,6.142857142857143,3.744186046511628,Medium,Campaign-driven sales spike: Sales are 3.74x higher than the 7-day average.,CAMPAIGN_SPIKE
2025-11-05,7.503765776017555e+18,WEBBER NATURALS茶氨酸加纳籽褪黑素香蜂草草本5重配方安睡宝10粒-默认-(DYWEB990312500179),35,10.428571428571429,3.356164383561644,Medium,Campaign-driven sales spike: Sales are 3.36x higher than the 7-day average.,CAMPAIGN_SPIKE
2025-11-12,7.532330906892419e+18,【进博会专属】伟博天然骨胶原氨糖软骨素姜黄舒缓关节养护 60粒-默认-(625273072426),6,1.0,6.0,High,Campaign-driven sales spike: Sales are 6.0x higher than the 7-day average.,CAMPAIGN_SPIKE
2025-01-28,,【官方直播】WebberNaturals伟博深海鱼油1390mg高纯度Omega3 120粒-1瓶装,10,1.4285714285714286,7.0,High,Campaign-driven sales spike: Sales are 7.0x higher than the 7-day average.,CAMPAIGN_SPIKE
2025-01-29,,【官方直播】WebberNaturals伟博深海鱼油1390mg高纯度Omega3 120粒-3瓶装,5,1.4285714285714286,3.5,Medium,Campaign-driven sales spike: Sales are 3.5x higher than the 7-day average.,CAMPAIGN_SPIKE
2025-01-31,,【官方直播】WebberNaturals伟博深海鱼油1390mg高纯度Omega3 120粒-5瓶装,5,1.5714285714285714,3.181818181818182,Medium,Campaign-driven sales spike: Sales are 3.18x higher than the 7-day average.,CAMPAIGN_SPIKE
2025-04-04,,【官方直播】WebberNaturals伟博深海鱼油1390mg高纯度Omega3 120粒-1瓶装,7,2.142857142857143,3.2666666666666666,Medium,Campaign-driven sales spike: Sales are 3.27x higher than the 7-day average.,CAMPAIGN_SPIKE
2025-04-04,,【官方直播】WebberNaturals伟博深海鱼油1390mg高纯度Omega3 120粒-3瓶装,10,2.7142857142857144,3.6842105263157894,Medium,Campaign-driven sales spike: Sales are 3.68x higher than the 7-day average.,CAMPAIGN_SPIKE
2025-04-04,,Webber Naturals伟博维生素C1000毫克150粒/瓶（效期至25年9月）-1瓶装,13,3.2857142857142856,3.956521739130435,Medium,Campaign-driven sales spike: Sales are 3.96x higher than the 7-day average.,CAMPAIGN_SPIKE
2025-05-01,,Webber Naturals伟博天然进口小分子胶原蛋白多肽粉150g z-胶原蛋白多肽粉150g*1,6,1.2857142857142858,4.666666666666666,Medium,Campaign-driven sales spike: Sales are 4.67x higher than the 7-day average.,CAMPAIGN_SPIKE
2025-05-02,,【官方直播】WebberNaturals伟博深海鱼油1390mg高纯度Omega3 120粒-1瓶装,8,2.5714285714285716,3.1111111111111107,Medium,Campaign-driven sales spike: Sales are 3.11x higher than the 7-day average.,CAMPAIGN_SPIKE
2025-06-01,,伟博进口99%纯度1100mg成人omega3深海鱼油中老年心血管养护120粒-1瓶装（4个月的量）,24,2.5714285714285716,9.333333333333332,High,Campaign-driven sales spike: Sales are 9.33x higher than the 7-day average.,CAMPAIGN_SPIKE
2025-06-01,,Webber Naturals伟博天然高纯度1100mg深海精粹鱼油软胶囊60粒 D-1瓶装（赠500mgVC一瓶）,10,2.7142857142857144,3.6842105263157894,Medium,Campaign-driven sales spike: Sales are 3.68x higher than the 7-day average.,CAMPAIGN_SPIKE
2025-06-02,,Webber Naturals伟博天然高纯度1100mg深海精粹鱼油软胶囊60粒 D-1瓶装（赠500mgVC一瓶）,16,2.2857142857142856,7.0,High,Campaign-driven sales spike: Sales are 7.0x higher than the 7-day average.,CAMPAIGN_SPIKE
2025-06-03,,伟博进口99%纯度1100mg成人omega3深海鱼油中老年心血管养护120粒-1瓶装（4个月的量）,18,3.857142857142857,4.666666666666667,Medium,Campaign-driven sales spike: Sales are 4.67x higher than the 7-day average.,CAMPAIGN_SPIKE
2025-06-03,,Webber Naturals伟博天然高纯度1100mg深海精粹鱼油软胶囊60粒 D-1瓶装（赠500mgVC一瓶）,10,3.0,3.3333333333333335,Medium,Campaign-driven sales spike: Sales are 3.33x higher than the 7-day average.,CAMPAIGN_SPIKE
2025-06-04,,Webber Naturals伟博天然进口小分子胶原蛋白多肽粉150g z-胶原蛋白多肽粉150g*1,16,1.5714285714285714,10.181818181818182,High,Campaign-driven sales spike: Sales are 10.18x higher than the 7-day average.,CAMPAIGN_SPIKE
2025-06-04,,伟博进口99%纯度1100mg成人omega3深海鱼油中老年心血管养护120粒-1瓶装（4个月的量）,15,3.5714285714285716,4.2,Medium,Campaign-driven sales spike: Sales are 4.2x higher than the 7-day average.,CAMPAIGN_SPIKE
2025-06-04,,Webber Naturals伟博天然高纯度1100mg深海精粹鱼油软胶囊60粒 D-1瓶装（赠500mgVC一瓶）,13,3.2857142857142856,3.956521739130435,Medium,Campaign-driven sales spike: Sales are 3.96x higher than the 7-day average.,CAMPAIGN_SPIKE
2025-06-05,,伟博进口99%纯度1100mg成人omega3深海鱼油中老年心血管养护120粒-1瓶装（4个月的量）,19,1.4285714285714286,13.299999999999999,High,Campaign-driven sales spike: Sales are 13.3x higher than the 7-day average.,CAMPAIGN_SPIKE
2025-06-07,,【3瓶装】加拿大伟博天然小分子胶原蛋白多肽粉150g/瓶-3瓶装,12,2.0,6.0,High,Campaign-driven sales spike: Sales are 6.0x higher than the 7-day average.,CAMPAIGN_SPIKE
2025-06-07,,伟博进口99%纯度1100mg成人omega3深海鱼油中老年心血管养护120粒-1瓶装（4个月的量）,13,2.142857142857143,6.066666666666666,High,Campaign-driven sales spike: Sales are 6.07x higher than the 7-day average.,CAMPAIGN_SPIKE
2025-06-07,,Webber Naturals伟博天然进口小分子胶原蛋白多肽粉150g z-胶原蛋白多肽粉150g*1,9,1.8571428571428572,4.846153846153846,Medium,Campaign-driven sales spike: Sales are 4.85x higher than the 7-day average.,CAMPAIGN_SPIKE
2025-06-08,,伟博进口99%纯度1100mg成人omega3深海鱼油中老年心血管养护120粒-1瓶装（4个月的量）,14,3.142857142857143,4.454545454545455,Medium,Campaign-driven sales spike: Sales are 4.45x higher than the 7-day average.,CAMPAIGN_SPIKE
2025-06-08,,Webber Naturals伟博天然高纯度1100mg深海精粹鱼油软胶囊60粒 D-1瓶装（赠500mgVC一瓶）,20,3.857142857142857,5.185185185185185,High,Campaign-driven sales spike: Sales are 5.19x higher than the 7-day average.,CAMPAIGN_SPIKE
2025-06-09,,伟博进口99%纯度1100mg成人omega3深海鱼油中老年心血管养护120粒-1瓶装（4个月的量）,11,2.0,5.5,High,Campaign-driven sales spike: Sales are 5.5x higher than the 7-day average.,CAMPAIGN_SPIKE
2025-06-09,,【官方直播】WebberNaturals伟博深海鱼油1100mg高纯度Omega3 120粒-一瓶装【4个月的量】,7,1.7142857142857142,4.083333333333334,Medium,Campaign-driven sales spike: Sales are 4.08x higher than the 7-day average.,CAMPAIGN_SPIKE
2025-06-11,,Webber Naturals伟博天然高纯度1100mg深海精粹鱼油软胶囊60粒 D-1瓶装（赠500mgVC一瓶）,10,2.4285714285714284,4.11764705882353,Medium,Campaign-driven sales spike: Sales are 4.12x higher than the 7-day average.,CAMPAIGN_SPIKE
2025-06-11,,伟博加拿大进口99%纯度1100mg成人omega3深海鱼油心血管养护120粒-1瓶装（4个月的量）,20,5.285714285714286,3.7837837837837838,Medium,Campaign-driven sales spike: Sales are 3.78x higher than the 7-day average.,CAMPAIGN_SPIKE
2025-06-13,,【官方直播】WebberNaturals伟博深海鱼油1100mg高纯度Omega3 120粒-三瓶装【一年的量送一瓶叶黄素】,10,1.5714285714285714,6.363636363636364,High,Campaign-driven sales spike: Sales are 6.36x higher than the 7-day average.,CAMPAIGN_SPIKE
2025-06-13,,伟博加拿大进口99%纯度1100mg成人omega3深海鱼油心血管养护120粒-1瓶装（4个月的量）,12,2.7142857142857144,4.421052631578947,Medium,Campaign-driven sales spike: Sales are 4.42x higher than the 7-day average.,CAMPAIGN_SPIKE
2025-06-14,,Webber Naturals伟博天然高纯度1100mg深海精粹鱼油软胶囊60粒 D-1瓶装（赠500mgVC一瓶）,16,3.2857142857142856,4.869565217391305,Medium,Campaign-driven sales spike: Sales are 4.87x higher than the 7-day average.,CAMPAIGN_SPIKE
2025-06-14,,伟博加拿大进口99%纯度1100mg成人omega3深海鱼油心血管养护120粒-1瓶装（4个月的量）,12,3.2857142857142856,3.6521739130434785,Medium,Campaign-driven sales spike: Sales are 3.65x higher than the 7-day average.,CAMPAIGN_SPIKE
2025-06-16,,【官方直播】WebberNaturals伟博深海鱼油1100mg高纯度Omega3 120粒-三瓶装【一年的量送一瓶叶黄素】,6,1.4285714285714286,4.2,Medium,Campaign-driven sales spike: Sales are 4.2x higher than the 7-day average.,CAMPAIGN_SPIKE
2025-06-16,,Webber Naturals伟博天然高纯度1100mg深海精粹鱼油软胶囊60粒 D-1瓶装（赠500mgVC一瓶）,9,2.2857142857142856,3.9375,Medium,Campaign-driven sales spike: Sales are 3.94x higher than the 7-day average.,CAMPAIGN_SPIKE
2025-06-16,,伟博加拿大进口99%纯度1100mg成人omega3深海鱼油心血管养护120粒-1瓶装（4个月的量）,13,3.7142857142857144,3.5,Medium,Campaign-driven sales spike: Sales are 3.5x higher than the 7-day average.,CAMPAIGN_SPIKE
2025-06-17,,伟博加拿大进口99%纯度1100mg成人omega3深海鱼油心血管养护120粒-1瓶装（4个月的量）,16,1.8571428571428572,8.615384615384615,High,Campaign-driven sales spike: Sales are 8.62x higher than the 7-day average.,CAMPAIGN_SPIKE
2025-06-18,,【官方直播】WebberNaturals伟博深海鱼油1100mg高纯度Omega3 120粒-三瓶装【一年的量送一瓶叶黄素】,10,2.857142857142857,3.5,Medium,Campaign-driven sales spike: Sales are 3.5x higher than the 7-day average.,CAMPAIGN_SPIKE
2025-06-18,,伟博加拿大进口99%纯度1100mg成人omega3深海鱼油心血管养护120粒-1瓶装（4个月的量）,11,3.2857142857142856,3.347826086956522,Medium,Campaign-driven sales spike: Sales are 3.35x higher than the 7-day average.,CAMPAIGN_SPIKE
2025-06-19,,伟博加拿大进口99%纯度1100mg成人omega3深海鱼油心血管养护120粒-1瓶装（4个月的量）,15,2.7142857142857144,5.526315789473684,High,Campaign-driven sales spike: Sales are 5.53x higher than the 7-day average.,CAMPAIGN_SPIKE
2025-10-01,,【免疫力】进口500mg维生素C缓释胶囊60粒 效期到2026-06-30-3瓶装-(625273076622*3),14,4.428571428571429,3.161290322580645,Medium,Campaign-driven sales spike: Sales are 3.16x higher than the 7-day average.,CAMPAIGN_SPIKE
2025-10-01,,【官方直播】WebberNaturals伟博深海鱼油1100mg高纯度Omega3 120粒-一瓶装【4个月的量】-(625273090086*1),15,3.857142857142857,3.888888888888889,Medium,Campaign-driven sales spike: Sales are 3.89x higher than the 7-day average.,CAMPAIGN_SPIKE
2025-10-02,,伟博加拿大进口99%纯度1100mg成人omega3深海鱼油心血管养护120粒-一瓶装（体验装）-(625273090086*1),9,2.7142857142857144,3.31578947368421,Medium,Campaign-driven sales spike: Sales are 3.32x higher than the 7-day average.,CAMPAIGN_SPIKE
2025-10-02,,【官方直播】WebberNaturals伟博深海鱼油1100mg高纯度Omega3 120粒-一瓶装【4个月的量】-(625273090086*1),10,2.7142857142857144,3.6842105263157894,Medium,Campaign-driven sales spike: Sales are 3.68x higher than the 7-day average.,CAMPAIGN_SPIKE
2025-10-03,,【美彤专属】【儿童拍】WebberNaturals伟博小金盾小颗粒深海儿童鱼油+D3 60粒-【儿童拍】2瓶装（送一瓶40mg叶黄素）-(625273071634*2+625273070255*1),155,4.428571428571429,35.0,High,Campaign-driven sales spike: Sales are 35.0x higher than the 7-day average.,CAMPAIGN_SPIKE
2025-10-03,,【美彤专属】【成人拍】WebberNaturals高纯度深海鱼油omega3成人健身鱼油120粒-【成人拍】1瓶装（送一瓶40mg叶黄素）-(625273090086*1+625273070255*1),338,25.142857142857142,13.443181818181818,High,Campaign-driven sales spike: Sales are 13.44x higher than the 7-day average.,CAMPAIGN_SPIKE
2025-10-24,,伟博加拿大进口99%纯度1100mg成人omega3深海鱼油心血管养护120粒-一瓶装（体验装）-(625273090086*1),10,1.7142857142857142,5.833333333333334,High,Campaign-driven sales spike: Sales are 5.83x higher than the 7-day average.,CAMPAIGN_SPIKE
2025-10-24,,【官方直播】WebberNaturals伟博深海鱼油1100mg高纯度Omega3 120粒-一瓶装【4个月的量】-(625273090086*1),23,3.7142857142857144,6.1923076923076925,High,Campaign-driven sales spike: Sales are 6.19x higher than the 7-day average.,CAMPAIGN_SPIKE
2025-10-25,,【免疫力】进口500mg维生素C缓释胶囊60粒 效期到2026-06-30-3瓶装-(625273076622*3),36,1.8571428571428572,19.384615384615383,High,Campaign-driven sales spike: Sales are 19.38x higher than the 7-day average.,CAMPAIGN_SPIKE
2025-10-25,,【官方直播】WebberNaturals伟博深海鱼油1100mg高纯度Omega3 120粒-两瓶装【8个月的量】-(625273090086*2),9,1.4285714285714286,6.3,High,Campaign-driven sales spike: Sales are 6.3x higher than the 7-day average.,CAMPAIGN_SPIKE
2025-10-25,,【官方直播】WebberNaturals伟博深海鱼油1100mg高纯度Omega3 120粒-一瓶装【4个月的量】-(625273090086*1),18,2.5714285714285716,6.999999999999999,High,Campaign-driven sales spike: Sales are 7.0x higher than the 7-day average.,CAMPAIGN_SPIKE
2025-10-26,,【免疫力】进口500mg维生素C缓释胶囊60粒 效期到2026-06-30-3瓶装-(625273076622*3),14,2.7142857142857144,5.157894736842105,High,Campaign-driven sales spike: Sales are 5.16x higher than the 7-day average.,CAMPAIGN_SPIKE
2025-10-26,,【官方直播】加拿大伟博儿童鱼油高脑力DHA无腥可嚼软胶囊120粒/瓶-1瓶装-(625273090185*1),11,1.0,11.0,High,Campaign-driven sales spike: Sales are 11.0x higher than the 7-day average.,CAMPAIGN_SPIKE
2025-10-26,,【官方直播】WebberNaturals伟博深海鱼油1100mg高纯度Omega3 120粒-两瓶装【8个月的量】-(625273090086*2),11,3.0,3.6666666666666665,Medium,Campaign-driven sales spike: Sales are 3.67x higher than the 7-day average.,CAMPAIGN_SPIKE
2025-10-26,,【官方直播】WebberNaturals伟博深海鱼油1100mg高纯度Omega3 120粒-一瓶装【4个月的量】-(625273090086*1),33,4.428571428571429,7.451612903225806,High,Campaign-driven sales spike: Sales are 7.45x higher than the 7-day average.,CAMPAIGN_SPIKE
2025-10-27,,【官方直播】WebberNaturals伟博深海鱼油1100mg高纯度Omega3 120粒-一瓶装【4个月的量】-(625273090086*1),22,3.2857142857142856,6.695652173913044,High,Campaign-driven sales spike: Sales are 6.7x higher than the 7-day average.,CAMPAIGN_SPIKE
2025-10-28,,【官方直播】WebberNaturals伟博深海鱼油1100mg高纯度Omega3 120粒-一瓶装【4个月的量】-(625273090086*1),20,2.4285714285714284,8.23529411764706,High,Campaign-driven sales spike: Sales are 8.24x higher than the 7-day average.,CAMPAIGN_SPIKE
2025-10-28,,【免疫力】进口500mg维生素C缓释胶囊60粒 效期到2026-06-30-3瓶装-(625273076622*3),8,2.0,4.0,Medium,Campaign-driven sales spike: Sales are 4.0x higher than the 7-day average.,CAMPAIGN_SPIKE
2025-10-29,,【官方直播】WebberNaturals伟博深海鱼油1100mg高纯度Omega3 120粒-一瓶装【4个月的量】-(625273090086*1),21,3.4285714285714284,6.125,High,Campaign-driven sales spike: Sales are 6.12x higher than the 7-day average.,CAMPAIGN_SPIKE
2025-10-29,,伟博加拿大进口99%纯度1100mg成人omega3深海鱼油心血管养护120粒-一瓶装（体验装）-(625273090086*1),15,5.0,3.0,Medium,Campaign-driven sales spike: Sales are 3.0x higher than the 7-day average.,CAMPAIGN_SPIKE
2025-10-30,,【官方直播】WebberNaturals伟博深海鱼油1100mg高纯度Omega3 120粒-两瓶装【8个月的量】-(625273090086*2),14,2.142857142857143,6.533333333333333,High,Campaign-driven sales spike: Sales are 6.53x higher than the 7-day average.,CAMPAIGN_SPIKE
2025-10-30,,【官方直播】WebberNaturals伟博深海鱼油1100mg高纯度Omega3 120粒-一瓶装【4个月的量】-(625273090086*1),21,2.0,10.5,High,Campaign-driven sales spike: Sales are 10.5x higher than the 7-day average.,CAMPAIGN_SPIKE
2025-10-31,,【官方直播】WebberNaturals伟博深海鱼油1100mg高纯度Omega3 120粒-一瓶装【4个月的量】-(625273090086*1),38,3.7142857142857144,10.23076923076923,High,Campaign-driven sales spike: Sales are 10.23x higher than the 7-day average.,CAMPAIGN_SPIKE
2025-11-01,,【免疫力】进口500mg维生素C缓释胶囊60粒 效期到2026-06-30-3瓶装-(625273076622*3),7,2.2857142857142856,3.0625,Medium,Campaign-driven sales spike: Sales are 3.06x higher than the 7-day average.,CAMPAIGN_SPIKE
2025-11-01,,伟博加拿大进口99%纯度1100mg成人omega3深海鱼油心血管养护120粒-一瓶装（体验装）-(625273090086*1),8,2.2857142857142856,3.5,Medium,Campaign-driven sales spike: Sales are 3.5x higher than the 7-day average.,CAMPAIGN_SPIKE
2025-11-01,,【官方直播】加拿大伟博儿童鱼油高脑力DHA无腥可嚼软胶囊120粒/瓶-1瓶装-(625273090185*1),11,3.5714285714285716,3.0799999999999996,Medium,Campaign-driven sales spike: Sales are 3.08x higher than the 7-day average.,CAMPAIGN_SPIKE
2025-11-01,,【官方直播】WebberNaturals伟博深海鱼油1100mg高纯度Omega3 120粒-一瓶装【4个月的量】-(625273090086*1),25,4.714285714285714,5.303030303030303,High,Campaign-driven sales spike: Sales are 5.3x higher than the 7-day average.,CAMPAIGN_SPIKE
2025-11-02,,【官方直播】WebberNaturals伟博深海鱼油1100mg高纯度Omega3 120粒-一瓶装【4个月的量】-(625273090086*1),15,2.142857142857143,7.0,High,Campaign-driven sales spike: Sales are 7.0x higher than the 7-day average.,CAMPAIGN_SPIKE
2025-11-03,,【官方直播】WebberNaturals伟博深海鱼油1100mg高纯度Omega3 120粒-一瓶装【4个月的量】-(625273090086*1),35,3.142857142857143,11.136363636363637,High,Campaign-driven sales spike: Sales are 11.14x higher than the 7-day average.,CAMPAIGN_SPIKE
2025-11-03,,伟博加拿大进口99%纯度1100mg成人omega3深海鱼油心血管养护120粒-一瓶装（体验装）-(625273090086*1),13,2.142857142857143,6.066666666666666,High,Campaign-driven sales spike: Sales are 6.07x higher than the 7-day average.,CAMPAIGN_SPIKE
2025-11-04,,【官方直播】WebberNaturals伟博深海鱼油1100mg高纯度Omega3 120粒-两瓶装【8个月的量】-(625273090086*2),11,1.4285714285714286,7.7,High,Campaign-driven sales spike: Sales are 7.7x higher than the 7-day average.,CAMPAIGN_SPIKE
2025-11-04,,【官方直播】WebberNaturals伟博深海鱼油1100mg高纯度Omega3 120粒-一瓶装【4个月的量】-(625273090086*1),30,2.857142857142857,10.5,High,Campaign-driven sales spike: Sales are 10.5x higher than the 7-day average.,CAMPAIGN_SPIKE
2025-11-05,,【官方直播】WebberNaturals伟博深海鱼油1100mg高纯度Omega3 120粒-两瓶装【8个月的量】-(625273090086*2),15,2.5714285714285716,5.833333333333333,High,Campaign-driven sales spike: Sales are 5.83x higher than the 7-day average.,CAMPAIGN_SPIKE
2025-11-05,,【官方直播】WebberNaturals伟博深海鱼油1100mg高纯度Omega3 120粒-一瓶装【4个月的量】-(625273090086*1),18,5.285714285714286,3.4054054054054057,Medium,Campaign-driven sales spike: Sales are 3.41x higher than the 7-day average.,CAMPAIGN_SPIKE
2025-11-06,,【官方直播】WebberNaturals伟博深海鱼油1100mg高纯度Omega3 120粒-一瓶装【4个月的量】-(625273090086*1),20,2.2857142857142856,8.75,High,Campaign-driven sales spike: Sales are 8.75x higher than the 7-day average.,CAMPAIGN_SPIKE
2025-11-07,,【官方直播】WebberNaturals伟博深海鱼油1100mg高纯度Omega3 120粒-一瓶装【4个月的量】-(625273090086*1),21,5.285714285714286,3.9729729729729732,Medium,Campaign-driven sales spike: Sales are 3.97x higher than the 7-day average.,CAMPAIGN_SPIKE
2025-11-08,,【官方直播】WebberNaturals伟博深海鱼油1100mg高纯度Omega3 120粒-一瓶装【4个月的量】-(625273090086*1),21,2.5714285714285716,8.166666666666666,High,Campaign-driven sales spike: Sales are 8.17x higher than the 7-day average.,CAMPAIGN_SPIKE
2025-11-09,,【官方直播】WebberNaturals伟博深海鱼油1100mg高纯度Omega3 120粒-一瓶装【4个月的量】-(625273090086*1),19,2.2857142857142856,8.3125,High,Campaign-driven sales spike: Sales are 8.31x higher than the 7-day average.,CAMPAIGN_SPIKE
2025-11-10,,【官方直播】WebberNaturals伟博深海鱼油1100mg高纯度Omega3 120粒-一瓶装【4个月的量】-(625273090086*1),8,2.142857142857143,3.7333333333333334,Medium,Campaign-driven sales spike: Sales are 3.73x higher than the 7-day average.,CAMPAIGN_SPIKE
2025-11-10,,【进博会专属】伟博天然进口深海鱼油1100mg高纯度Omega3 120粒-一瓶装【4个月的量】-(625273090086*1),10,3.0,3.3333333333333335,Medium,Campaign-driven sales spike: Sales are 3.33x higher than the 7-day average.,CAMPAIGN_SPIKE
2025-11-11,,【官方直播】WebberNaturals伟博深海鱼油1100mg高纯度Omega3 120粒-一瓶装【4个月的量】-(625273090086*1),17,2.142857142857143,7.933333333333334,High,Campaign-driven sales spike: Sales are 7.93x higher than the 7-day average.,CAMPAIGN_SPIKE
2025-11-11,,【进博会专属】伟博天然进口深海鱼油1100mg高纯度Omega3 120粒-一瓶装【4个月的量】-(625273090086*1),14,4.285714285714286,3.2666666666666666,Medium,Campaign-driven sales spike: Sales are 3.27x higher than the 7-day average.,CAMPAIGN_SPIKE
2025-11-13,,【官方直播】WebberNaturals伟博深海鱼油1100mg高纯度Omega3 120粒-两瓶装【8个月的量】-(625273090086*2),7,1.2857142857142858,5.444444444444444,High,Campaign-driven sales spike: Sales are 5.44x higher than the 7-day average.,CAMPAIGN_SPIKE
2025-11-13,,【进博会专属】伟博天然进口深海鱼油1100mg高纯度Omega3 120粒-一瓶装【4个月的量】-(625273090086*1),11,2.142857142857143,5.133333333333334,High,Campaign-driven sales spike: Sales are 5.13x higher than the 7-day average.,CAMPAIGN_SPIKE
2025-11-13,,【官方直播】WebberNaturals伟博深海鱼油1100mg高纯度Omega3 120粒-一瓶装【4个月的量】-(625273090086*1),17,4.0,4.25,Medium,Campaign-driven sales spike: Sales are 4.25x higher than the 7-day average.,CAMPAIGN_SPIKE
2025-11-13,,伟博加拿大进口99%纯度1100mg成人omega3深海鱼油心血管养护120粒-一瓶装（体验装）-(625273090086*1),10,2.5714285714285716,3.8888888888888884,Medium,Campaign-driven sales spike: Sales are 3.89x higher than the 7-day average.,CAMPAIGN_SPIKE
2025-11-14,,【官方直播】WebberNaturals伟博深海鱼油1100mg高纯度Omega3 120粒-一瓶装【4个月的量】-(625273090086*1),13,2.7142857142857144,4.789473684210526,Medium,Campaign-driven sales spike: Sales are 4.79x higher than the 7-day average.,CAMPAIGN_SPIKE
2025-11-15,,【官方直播】WebberNaturals伟博深海鱼油1100mg高纯度Omega3 120粒-两瓶装【8个月的量】-(625273090086*2),8,1.7142857142857142,4.666666666666667,Medium,Campaign-driven sales spike: Sales are 4.67x higher than the 7-day average.,CAMPAIGN_SPIKE
2025-11-15,,【官方直播】WebberNaturals伟博深海鱼油1100mg高纯度Omega3 120粒-一瓶装【4个月的量】-(625273090086*1),16,1.8571428571428572,8.615384615384615,High,Campaign-driven sales spike: Sales are 8.62x higher than the 7-day average.,CAMPAIGN_SPIKE
2025-12-01,,【官方直播】伟博天然进口深海鱼油1100mg高纯度Omega3 120粒-一瓶装【4个月的量】-(625273090086*1),8,2.0,4.0,Medium,Campaign-driven sales spike: Sales are 4.0x higher than the 7-day average.,CAMPAIGN_SPIKE
2025-12-02,,【官方直播】伟博天然进口深海鱼油1100mg高纯度Omega3 120粒-一瓶装【4个月的量】-(625273090086*1),19,2.2857142857142856,8.3125,High,Campaign-driven sales spike: Sales are 8.31x higher than the 7-day average.,CAMPAIGN_SPIKE
2025-12-03,,【官方直播】伟博天然进口深海鱼油1100mg高纯度Omega3 120粒-一瓶装【4个月的量】-(625273090086*1),7,1.0,7.0,High,Campaign-driven sales spike: Sales are 7.0x higher than the 7-day average.,CAMPAIGN_SPIKE
2025-12-12,,	【官方直播】伟博天然进口深海鱼油1100mg高纯度Omega3 120粒,7,1.7142857142857142,4.083333333333334,Medium,Campaign-driven sales spike: Sales are 4.08x higher than the 7-day average.,CAMPAIGN_SPIKE
2025-12-13,,	【官方直播】伟博天然进口深海鱼油1100mg高纯度Omega3 120粒,5,1.2857142857142858,3.8888888888888884,Medium,Campaign-driven sales spike: Sales are 3.89x higher than the 7-day average.,CAMPAIGN_SPIKE
