product_name,daily_quantity
WebberNaturals进口儿童鱼油欧米伽3高DHA爆浆深海鱼油120粒 1岁+-默认-(DYWEB625273090185),5586
WebberNaturals伟博深海鱼油900mg高纯度Omega3 DHA/EPA鱼油200粒-默认-(DYWEB625273052985),5152
Webber Naturals儿童鱼油150mg高DHA香橙味omega3脑黄金120粒6岁+-默认-(DYWEB625273033496),4571
WEBBER NATURALS高纯度深海鱼油omega3欧米伽3成人健身鱼油120粒-默认-(DYWEB625273090086),4269
WEBBER NATURALS6岁+儿童鱼油高DHA香橙味欧米伽3眼脑同步120粒-默认-(DYWEB625273033496),3994
伟博精粹金CO2提纯1100mg4倍含量omega3成人心脑欧米伽3鱼油120粒-默认-(DYWEB625273090086),3260
Webber Naturals伟博维生素C1000毫克150粒/瓶（效期至25年9月）-1瓶装,2878
Webber naturals伟博深海鱼油500mgOmega3+D3青少年补脑 100粒/瓶-默认-(DYWEB625273090291),2540
伟博天然进口KSM66南非醉茄印度人参精华3600mg*120粒降低皮质醇-默认-(DYWEB625273052640),2378
【官方直播】WebberNaturals伟博深海鱼油1100mg高纯度Omega3 120粒-一瓶装【4个月的量】-(625273090086*1),2376
伟博天然进口VB番茄红素锌硒钙水果多酚55+男士全营养素 30粒-默认-(DYWEB625273079968),2092
Webber Naturals伟博胶原蛋白与神经酰胺生物活性胶原肽120片/瓶-默认-(DYWEB625273036695),1795
Webber Naturals伟博维生素C1000毫克150粒/瓶（效期至25年9月）-3瓶装,1781
WEBBER NATURALS南非醉茄KSM66 3600mg降低皮质醇缓压促睡眠120粒-默认-(DYWEB625273052640),1759
WEBBER NATURALS进口儿童鱼油欧米伽3高DHA爆浆深海鱼油120粒1岁+-默认-(DYWEB625273090185),1617
伟博天然辅酶Q10胶囊100mg 成人心脏活力60粒 效期至26年5月30日-默认-(DYWEB628347570705),1553
WEBBER NATURALS3倍深海鱼油欧米伽3成人健身无鱼腥DNA鱼油200粒-默认-(625273072433),1540
伟博加拿大进口99%纯度1100mg成人omega3深海鱼油心血管养护120粒-一瓶装（体验装）-(625273090086*1),1379
【官方直播】WebberNaturals伟博深海鱼油1390mg高纯度Omega3 120粒-1瓶装,1208
Webber Naturals伟博天然阳光小金盾小颗粒深海儿童鱼油+D3 60粒-默认-(DYWEB625273071634),1107
